model,train_error,test_error,epochs,learning_rate
Perceptron,0.012629161882893225,0.018036072144288578,10,1
VotedPerceptron,0.011481056257175661,0.012024048096192385,10,1
AveragedPerceptron,0.013777267508610792,0.012024048096192385,10,1
