train_error,test_error
0.013202640528105622,0.15123024604920984
