single_tree_bias,bagged_tree_bias,single_tree_variance,bagged_tree_variance
3.2278791758351675,3.7633926785357064,0.33182476495299057,0.08864172834566914
