single_tree_bias,bagged_tree_bias,single_tree_variance,bagged_tree_variance
3.182607961592318,3.45769449889978,0.3402966193238648,0.21378379675935186
