train_error,test_error
0.10933333333333334,0.2738333333333333
